DATE,EVENT_ID,MATCH,PICK,OPENING_ODDS,MARKET_PROBABILITY,MODEL_PROBABILITY,GOAL_PROBABILITY,EVIDENCE_PROBABILITY,HOME_XG,AWAY_XG,DRAW_PROBABILITY,GOAL_HOME_SAMPLE,GOAL_AWAY_SAMPLE,TOP_SCORELINES,COMPONENT_WEIGHTS,RAW_PROBABILITY,CHALLENGER_PROBABILITY,CHALLENGER_SAMPLE,CHALLENGER_PROMOTED,CALIBRATION_SAMPLE,UNCERTAINTY_PENALTY,UNCERTAINTY_REASON,TEAM_REST_DAYS,OPPONENT_REST_DAYS,CONGESTION_PENALTY,MARKET_DISPERSION,LINEUP_STATUS,DATA_QUALITY_SCORE,DATA_QUALITY_GRADE,SEGMENT_SAMPLE,SEGMENT_ROI,SEGMENT_CLV,SEGMENT_SUSPENDED,SEGMENT_KEY,EV,SCORE,EVIDENCE,QUALITY_SCORE,QUALITY_GRADE,COMPETITION,LEVEL,SIDE,BOOKMAKERS,ODDS_SOURCE,DECISION,REASON,RESULT,CLOSING_ODDS,CLV
2026-08-01,401877066,Tranmere Rovers vs Rochdale,Tranmere Rovers,2.900,0.319862,0.266528,,0.393333,,,,0,0,,goals=0;market+form=fallback,0.266528,,0,False,0,0.000000,standard,,,0.000000,,unavailable,0,D,0,,,False,"Carabao Cup, Preliminary Round|home|2.5_3.0",-0.227067,6.000,insufficient,5,C,"Carabao Cup, Preliminary Round",Other,home,0,DraftKings,Rejected,insufficient_or_conflicting_evidence,,,
2026-08-01,401877066,Tranmere Rovers vs Rochdale,Rochdale,2.350,0.394723,0.448056,,0.606667,,,,0,0,,goals=0;market+form=fallback,0.448056,,0,False,0,0.000000,standard,,,0.000000,,unavailable,0,D,0,,,False,"Carabao Cup, Preliminary Round|away|2.0_2.5",0.052933,7.588,insufficient,5,C,"Carabao Cup, Preliminary Round",Other,away,0,DraftKings,Rejected,insufficient_or_conflicting_evidence,,,
2026-08-01,761697,CF Montréal vs New England Revolution,CF Montréal,2.000,0.459245,0.426726,,0.434963,,,,0,0,,goals=0;market+form=fallback,0.426726,,0,False,0,0.000000,standard,,,0.000000,,unavailable,2,D,0,,,False,MLS|home|2.0_2.5,-0.146548,6.000,reliable,10,A,MLS,Other,home,0,ESPN,Rejected,non_positive_ev,,,
2026-08-01,761697,CF Montréal vs New England Revolution,New England Revolution,3.300,0.278330,0.310848,,0.565037,,,,0,0,,goals=0;market+form=fallback,0.310848,,0,False,0,0.000000,standard,,,0.000000,,unavailable,2,D,0,,,False,MLS|away|3.0_plus,0.025800,6.774,reliable,10,A,MLS,Other,away,0,ESPN,Rejected,not_selected,,,
2026-08-01,761699,D.C. United vs Nashville SC,D.C. United,2.850,0.323638,0.285971,,0.424667,,,,0,0,,goals=0;market+form=fallback,0.285971,,0,False,0,0.000000,standard,,,0.000000,,unavailable,2,D,0,,,False,MLS|home|2.5_3.0,-0.184983,6.000,reliable,10,A,MLS,Other,home,0,ESPN,Rejected,non_positive_ev,,,
2026-08-01,761699,D.C. United vs Nashville SC,Nashville SC,2.300,0.401029,0.438696,,0.575333,,,,0,0,,goals=0;market+form=fallback,0.438696,,0,False,0,0.000000,standard,,,0.000000,,unavailable,2,D,0,,,False,MLS|away|2.0_2.5,0.009000,6.270,reliable,10,A,MLS,Other,away,0,ESPN,Watchlist,below_staking_threshold,,,
2026-08-01,761700,FC Cincinnati vs San Jose Earthquakes,FC Cincinnati,1.909,0.487093,0.493231,,0.512275,,,,0,0,,goals=0;market+form=fallback,0.493231,,0,False,0,0.000000,standard,,,0.000000,,unavailable,0,D,0,,,False,MLS|home|1.5_2.0,-0.058423,6.000,insufficient,8,B,MLS,Other,home,0,ESPN,Rejected,insufficient_or_conflicting_evidence,,,
2026-08-01,761700,FC Cincinnati vs San Jose Earthquakes,San Jose Earthquakes,3.250,0.286111,0.279974,,0.487725,,,,0,0,,goals=0;market+form=fallback,0.279974,,0,False,0,0.000000,standard,,,0.000000,,unavailable,0,D,0,,,False,MLS|away|3.0_plus,-0.090085,6.000,insufficient,8,B,MLS,Other,away,0,ESPN,Rejected,insufficient_or_conflicting_evidence,,,
2026-08-01,761701,Inter Miami CF vs Columbus Crew,Inter Miami CF,1.588,0.583254,0.617273,,0.568039,,,,0,0,,goals=0;market+form=fallback,0.617273,,0,False,0,0.000000,standard,,,0.000000,,unavailable,2,D,0,,,False,MLS|home|1.5_2.0,-0.019770,6.000,reliable,10,A,MLS,Other,home,0,ESPN,Rejected,non_positive_ev,,,
2026-08-01,761701,Inter Miami CF vs Columbus Crew,Columbus Crew,4.600,0.201349,0.167330,,0.431961,,,,0,0,,goals=0;market+form=fallback,0.167330,,0,False,0,0.000000,standard,,,0.000000,,unavailable,2,D,0,,,False,MLS|away|3.0_plus,-0.230283,6.000,reliable,10,A,MLS,Other,away,0,ESPN,Rejected,non_positive_ev,,,
2026-08-01,761702,Philadelphia Union vs Atlanta United FC,Philadelphia Union,1.667,0.556913,0.583599,,0.553373,,,,0,0,,goals=0;market+form=fallback,0.583599,,0,False,0,0.000000,standard,,,0.000000,,unavailable,2,D,0,,,False,MLS|home|1.5_2.0,-0.027141,6.000,reliable,10,A,MLS,Other,home,0,ESPN,Rejected,non_positive_ev,,,
2026-08-01,761702,Philadelphia Union vs Atlanta United FC,Atlanta United FC,4.400,0.210994,0.184308,,0.446627,,,,0,0,,goals=0;market+form=fallback,0.184308,,0,False,0,0.000000,standard,,,0.000000,,unavailable,2,D,0,,,False,MLS|away|3.0_plus,-0.189046,6.000,reliable,10,A,MLS,Other,away,0,ESPN,Rejected,non_positive_ev,,,
2026-08-01,761696,Red Bull New York vs Orlando City SC,Red Bull New York,2.250,0.411881,0.400254,,0.476745,,,,0,0,,goals=0;market+form=fallback,0.400254,,0,False,0,0.000000,standard,,,0.000000,,unavailable,0,D,0,,,False,MLS|home|2.0_2.5,-0.099429,6.000,insufficient,8,B,MLS,Other,home,0,ESPN,Rejected,insufficient_or_conflicting_evidence,,,
2026-08-01,761696,Red Bull New York vs Orlando City SC,Orlando City SC,2.600,0.356436,0.368063,,0.523255,,,,0,0,,goals=0;market+form=fallback,0.368063,,0,False,0,0.000000,standard,,,0.000000,,unavailable,0,D,0,,,False,MLS|away|2.5_3.0,-0.043036,6.000,insufficient,8,B,MLS,Other,away,0,ESPN,Rejected,insufficient_or_conflicting_evidence,,,
2026-08-01,761698,Vancouver Whitecaps vs LAFC,Vancouver Whitecaps,1.909,0.481493,0.462500,,0.462014,,,,0,0,,goals=0;market+form=fallback,0.462500,,0,False,0,0.000000,standard,,,0.000000,,unavailable,0,D,0,,,False,MLS|home|1.5_2.0,-0.117087,6.000,insufficient,8,B,MLS,Other,home,0,ESPN,Rejected,insufficient_or_conflicting_evidence,,,
2026-08-01,761698,Vancouver Whitecaps vs LAFC,LAFC,3.250,0.282822,0.301815,,0.537986,,,,0,0,,goals=0;market+form=fallback,0.301815,,0,False,0,0.000000,standard,,,0.000000,,unavailable,0,D,0,,,False,MLS|away|3.0_plus,-0.019102,6.000,insufficient,8,B,MLS,Other,away,0,ESPN,Rejected,insufficient_or_conflicting_evidence,,,
2026-08-01,761704,Chicago Fire FC vs Charlotte FC,Chicago Fire FC,1.500,0.614973,0.612441,,0.494936,,,,0,0,,goals=0;market+form=fallback,0.612441,,0,False,0,0.000000,standard,,,0.000000,,unavailable,0,D,0,,,False,MLS|home|1.5_2.0,-0.081338,6.000,insufficient,8,B,MLS,Other,home,0,ESPN,Rejected,insufficient_or_conflicting_evidence,,,
2026-08-01,761704,Chicago Fire FC vs Charlotte FC,Charlotte FC,5.000,0.184492,0.187024,,0.505064,,,,0,0,,goals=0;market+form=fallback,0.187024,,0,False,0,0.000000,standard,,,0.000000,,unavailable,0,D,0,,,False,MLS|away|3.0_plus,-0.064881,6.000,insufficient,8,B,MLS,Other,away,0,ESPN,Rejected,insufficient_or_conflicting_evidence,,,
2026-08-01,761703,Minnesota United FC vs San Diego FC,Minnesota United FC,2.000,0.461201,0.441593,,0.460784,,,,0,0,,goals=0;market+form=fallback,0.441593,,0,False,0,0.000000,standard,,,0.000000,,unavailable,0,D,0,,,False,MLS|home|2.0_2.5,-0.116815,6.000,insufficient,8,B,MLS,Other,home,0,ESPN,Rejected,insufficient_or_conflicting_evidence,,,
2026-08-01,761703,Minnesota United FC vs San Diego FC,San Diego FC,3.150,0.292826,0.312434,,0.539216,,,,0,0,,goals=0;market+form=fallback,0.312434,,0,False,0,0.000000,standard,,,0.000000,,unavailable,0,D,0,,,False,MLS|away|3.0_plus,-0.015834,6.000,insufficient,8,B,MLS,Other,away,0,ESPN,Rejected,insufficient_or_conflicting_evidence,,,
2026-08-01,761706,Sporting Kansas City vs Houston Dynamo FC,Sporting Kansas City,3.000,0.306828,0.288810,,0.463966,,,,0,0,,goals=0;market+form=fallback,0.288810,,0,False,0,0.000000,standard,,,0.000000,,unavailable,2,D,0,,,False,MLS|home|3.0_plus,-0.133569,6.000,reliable,10,A,MLS,Other,home,0,ESPN,Rejected,non_positive_ev,,,
2026-08-01,761706,Sporting Kansas City vs Houston Dynamo FC,Houston Dynamo FC,2.200,0.418401,0.436418,,0.536034,,,,0,0,,goals=0;market+form=fallback,0.436418,,0,False,0,0.000000,standard,,,0.000000,,unavailable,2,D,0,,,False,MLS|away|2.0_2.5,-0.039879,6.000,reliable,10,A,MLS,Other,away,0,ESPN,Rejected,non_positive_ev,,,
2026-08-01,761705,St. Louis CITY SC vs Real Salt Lake,St. Louis CITY SC,2.000,0.463320,0.496186,,0.565730,,,,0,0,,goals=0;market+form=fallback,0.496186,,0,False,0,0.000000,standard,,,0.000000,,unavailable,0,D,0,,,False,MLS|home|2.0_2.5,-0.007629,6.000,insufficient,8,B,MLS,Other,home,0,ESPN,Rejected,insufficient_or_conflicting_evidence,,,
2026-08-01,761705,St. Louis CITY SC vs Real Salt Lake,Real Salt Lake,3.200,0.289575,0.256710,,0.434270,,,,0,0,,goals=0;market+form=fallback,0.256710,,0,False,0,0.000000,standard,,,0.000000,,unavailable,0,D,0,,,False,MLS|away|3.0_plus,-0.178528,6.000,insufficient,8,B,MLS,Other,away,0,ESPN,Rejected,insufficient_or_conflicting_evidence,,,
2026-08-01,761707,Colorado Rapids vs Austin FC,Colorado Rapids,1.741,0.529813,0.544186,,0.528745,,,,0,0,,goals=0;market+form=fallback,0.544186,,0,False,0,0.000000,standard,,,0.000000,,unavailable,2,D,0,,,False,MLS|home|1.5_2.0,-0.052573,6.000,reliable,10,A,MLS,Other,home,0,ESPN,Rejected,non_positive_ev,,,
2026-08-01,761707,Colorado Rapids vs Austin FC,Austin FC,4.000,0.230601,0.216229,,0.471255,,,,0,0,,goals=0;market+form=fallback,0.216229,,0,False,0,0.000000,standard,,,0.000000,,unavailable,2,D,0,,,False,MLS|away|3.0_plus,-0.135085,6.000,reliable,10,A,MLS,Other,away,0,ESPN,Rejected,non_positive_ev,,,
2026-08-01,761709,LA Galaxy vs FC Dallas,LA Galaxy,2.150,0.432019,0.419120,,0.474203,,,,0,0,,goals=0;market+form=fallback,0.419120,,0,False,0,0.000000,standard,,,0.000000,,unavailable,2,D,0,,,False,MLS|home|2.0_2.5,-0.098891,6.000,reliable,10,A,MLS,Other,home,0,ESPN,Rejected,non_positive_ev,,,
2026-08-01,761709,LA Galaxy vs FC Dallas,FC Dallas,2.900,0.320290,0.333189,,0.525797,,,,0,0,,goals=0;market+form=fallback,0.333189,,0,False,0,0.000000,standard,,,0.000000,,unavailable,2,D,0,,,False,MLS|away|2.5_3.0,-0.033753,6.000,reliable,10,A,MLS,Other,away,0,ESPN,Rejected,non_positive_ev,,,
2026-08-01,761708,Portland Timbers vs Seattle Sounders FC,Portland Timbers,2.150,0.428614,0.455859,,0.554490,,,,0,0,,goals=0;market+form=fallback,0.455859,,0,False,0,0.000000,standard,,,0.000000,,unavailable,0,D,0,,,False,MLS|home|2.0_2.5,-0.019902,6.000,insufficient,8,B,MLS,Other,home,0,ESPN,Rejected,insufficient_or_conflicting_evidence,,,
2026-08-01,761708,Portland Timbers vs Seattle Sounders FC,Seattle Sounders FC,2.750,0.335098,0.307853,,0.445510,,,,0,0,,goals=0;market+form=fallback,0.307853,,0,False,0,0.000000,standard,,,0.000000,,unavailable,0,D,0,,,False,MLS|away|2.5_3.0,-0.153403,6.000,insufficient,8,B,MLS,Other,away,0,ESPN,Rejected,insufficient_or_conflicting_evidence,,,
2026-08-01,401853957,Racing Louisville FC vs Chicago Stars FC,Racing Louisville FC,1.571,0.581381,0.584985,,0.507208,,,,0,0,,goals=0;market+form=fallback,0.584985,,0,False,0,0.000000,standard,,,0.000000,,unavailable,0,D,0,,,False,NWSL|home|1.5_2.0,-0.080988,6.000,insufficient,8,B,NWSL,Other,home,0,ESPN,Rejected,insufficient_or_conflicting_evidence,,,
2026-08-01,401853957,Racing Louisville FC vs Chicago Stars FC,Chicago Stars FC,4.800,0.190281,0.186677,,0.492792,,,,0,0,,goals=0;market+form=fallback,0.186677,,0,False,0,0.000000,standard,,,0.000000,,unavailable,0,D,0,,,False,NWSL|away|3.0_plus,-0.103950,6.000,insufficient,8,B,NWSL,Other,away,0,ESPN,Rejected,insufficient_or_conflicting_evidence,,,
2026-08-01,401853958,Kansas City Current vs Angel City FC,Kansas City Current,1.952,0.461315,0.454753,,0.486876,,,,0,0,,goals=0;market+form=fallback,0.454753,,0,False,0,0.000000,standard,,,0.000000,,unavailable,0,D,0,,,False,NWSL|home|1.5_2.0,-0.112322,6.000,insufficient,7,B,NWSL,Other,home,0,ESPN,Rejected,insufficient_or_conflicting_evidence,,,
2026-08-01,401853958,Kansas City Current vs Angel City FC,Angel City FC,3.200,0.281402,0.287964,,0.513124,,,,0,0,,goals=0;market+form=fallback,0.287964,,0,False,0,0.000000,standard,,,0.000000,,unavailable,0,D,0,,,False,NWSL|away|3.0_plus,-0.078514,6.000,insufficient,7,B,NWSL,Other,away,0,ESPN,Rejected,insufficient_or_conflicting_evidence,,,
2026-08-01,401853960,Bay FC vs Seattle Reign FC,Bay FC,2.750,0.328752,0.330655,,0.503806,,,,0,0,,goals=0;market+form=fallback,0.330655,,0,False,0,0.000000,standard,,,0.000000,,unavailable,0,D,0,,,False,NWSL|home|2.5_3.0,-0.090699,6.000,insufficient,7,B,NWSL,Other,home,0,ESPN,Rejected,insufficient_or_conflicting_evidence,,,
2026-08-01,401853960,Bay FC vs Seattle Reign FC,Seattle Reign FC,2.300,0.393073,0.391170,,0.496194,,,,0,0,,goals=0;market+form=fallback,0.391170,,0,False,0,0.000000,standard,,,0.000000,,unavailable,0,D,0,,,False,NWSL|away|2.0_2.5,-0.100308,6.000,insufficient,7,B,NWSL,Other,away,0,ESPN,Rejected,insufficient_or_conflicting_evidence,,,
2026-08-01,401877024,Querétaro vs Tigres UANL,Querétaro,3.500,0.268657,0.297657,,0.558000,,,,0,0,,goals=0;market+form=fallback,0.297657,,0,False,0,0.000000,standard,,,0.000000,,unavailable,2,D,0,,,False,Liga MX|home|3.0_plus,0.041799,7.254,reliable,10,A,Liga MX,Other,home,0,ESPN,Rejected,not_selected,,,
2026-08-01,401877024,Querétaro vs Tigres UANL,Tigres UANL,2.000,0.470149,0.441149,,0.442000,,,,0,0,,goals=0;market+form=fallback,0.441149,,0,False,0,0.000000,standard,,,0.000000,,unavailable,2,D,0,,,False,Liga MX|away|2.0_2.5,-0.117701,6.000,reliable,10,A,Liga MX,Other,away,0,ESPN,Rejected,non_positive_ev,,,
2026-08-01,401877022,Atlas vs Monterrey,Atlas,2.600,0.362680,0.393180,,0.561000,,,,0,0,,goals=0;market+form=fallback,0.393180,,0,False,0,0.000000,standard,,,0.000000,,unavailable,2,D,0,,,False,Liga MX|home|2.5_3.0,0.022268,6.668,reliable,10,A,Liga MX,Other,home,0,ESPN,Watchlist,below_staking_threshold,,,
2026-08-01,401877022,Atlas vs Monterrey,Monterrey,2.650,0.355837,0.325337,,0.439000,,,,0,0,,goals=0;market+form=fallback,0.325337,,0,False,0,0.000000,standard,,,0.000000,,unavailable,2,D,0,,,False,Liga MX|away|2.5_3.0,-0.137857,6.000,reliable,10,A,Liga MX,Other,away,0,ESPN,Rejected,non_positive_ev,,,
2026-08-01,401877023,León vs Pachuca,León,2.900,0.323941,0.280441,,0.413000,,,,0,0,,goals=0;market+form=fallback,0.280441,,0,False,0,0.000000,standard,,,0.000000,,unavailable,2,D,0,,,False,Liga MX|home|2.5_3.0,-0.186722,6.000,reliable,10,A,Liga MX,Other,home,0,ESPN,Rejected,non_positive_ev,,,
2026-08-01,401877023,León vs Pachuca,Pachuca,2.350,0.399757,0.443257,,0.587000,,,,0,0,,goals=0;market+form=fallback,0.443257,,0,False,0,0.000000,standard,,,0.000000,,unavailable,2,D,0,,,False,Liga MX|away|2.0_2.5,0.041653,7.250,reliable,10,A,Liga MX,Other,away,0,ESPN,Watchlist,below_staking_threshold,,,
2026-08-01,401872737,FC TOKYO vs Borussia Dortmund,FC TOKYO,3.100,0.298505,0.255171,,0.473333,,,,0,0,,goals=0;market+form=fallback,0.285171,,0,False,0,0.030000,friendly_or_youth,,,0.000000,,unavailable,0,D,0,,,False,Club Friendly|home|3.0_plus,-0.208969,6.000,insufficient,5,C,Club Friendly,Other,home,0,ESPN,Rejected,insufficient_or_conflicting_evidence,,,
2026-08-01,401872737,FC TOKYO vs Borussia Dortmund,Borussia Dortmund,2.050,0.451397,0.434730,,0.526667,,,,0,0,,goals=0;market+form=fallback,0.464730,,0,False,0,0.030000,friendly_or_youth,,,0.000000,,unavailable,0,D,0,,,False,Club Friendly|away|2.0_2.5,-0.108803,6.000,insufficient,5,C,Club Friendly,Other,away,0,ESPN,Rejected,insufficient_or_conflicting_evidence,,,
2026-08-01,401871493,Manchester City vs Internazionale,Manchester City,2.050,0.447550,0.410883,,0.486667,,,,0,0,,goals=0;market+form=fallback,0.440883,,0,False,0,0.030000,friendly_or_youth,,,0.000000,,unavailable,0,D,0,,,False,Club Friendly|home|2.0_2.5,-0.157690,6.000,insufficient,5,C,Club Friendly,Other,home,0,ESPN,Rejected,insufficient_or_conflicting_evidence,,,
2026-08-01,401871493,Manchester City vs Internazionale,Internazionale,2.950,0.311009,0.287676,,0.513333,,,,0,0,,goals=0;market+form=fallback,0.317676,,0,False,0,0.030000,friendly_or_youth,,,0.000000,,unavailable,0,D,0,,,False,Club Friendly|away|2.5_3.0,-0.151357,6.000,insufficient,5,C,Club Friendly,Other,away,0,ESPN,Rejected,insufficient_or_conflicting_evidence,,,
2026-08-01,401869198,Manchester United vs Atlético Madrid,Manchester United,2.150,0.426073,0.442740,,0.593333,,,,0,0,,goals=0;market+form=fallback,0.472740,,0,False,0,0.030000,friendly_or_youth,,,0.000000,,unavailable,0,D,0,,,False,Club Friendly|home|2.0_2.5,-0.048109,6.000,insufficient,5,C,Club Friendly,Other,home,0,ESPN,Rejected,insufficient_or_conflicting_evidence,,,
2026-08-01,401869198,Manchester United vs Atlético Madrid,Atlético Madrid,2.900,0.315882,0.239215,,0.406667,,,,0,0,,goals=0;market+form=fallback,0.269215,,0,False,0,0.030000,friendly_or_youth,,,0.000000,,unavailable,0,D,0,,,False,Club Friendly|away|2.5_3.0,-0.306275,6.000,insufficient,5,C,Club Friendly,Other,away,0,ESPN,Rejected,insufficient_or_conflicting_evidence,,,
2026-08-01,401888842,Real Madrid vs Fiorentina,Real Madrid,2.150,0.427377,0.437377,,0.580000,,,,0,0,,goals=0;market+form=fallback,0.467377,,0,False,0,0.030000,friendly_or_youth,,,0.000000,,unavailable,0,D,0,,,False,Club Friendly|home|2.0_2.5,-0.059640,6.000,insufficient,5,C,Club Friendly,Other,home,0,ESPN,Rejected,insufficient_or_conflicting_evidence,,,
2026-08-01,401888842,Real Madrid vs Fiorentina,Fiorentina,3.000,0.306287,0.236287,,0.420000,,,,0,0,,goals=0;market+form=fallback,0.266287,,0,False,0,0.030000,friendly_or_youth,,,0.000000,,unavailable,0,D,0,,,False,Club Friendly|away|3.0_plus,-0.291140,6.000,insufficient,5,C,Club Friendly,Other,away,0,ESPN,Rejected,insufficient_or_conflicting_evidence,,,
2026-08-01,401886553,Girona vs Arsenal,Girona,3.650,0.251254,0.161254,,0.380000,,,,0,0,,goals=0;market+form=fallback,0.191254,,0,False,0,0.030000,friendly_or_youth,,,0.000000,,unavailable,0,D,0,,,False,Club Friendly|home|3.0_plus,-0.411424,6.000,insufficient,5,C,Club Friendly,Other,home,0,ESPN,Rejected,insufficient_or_conflicting_evidence,,,
2026-08-01,401886553,Girona vs Arsenal,Arsenal,1.870,0.490415,0.520415,,0.620000,,,,0,0,,goals=0;market+form=fallback,0.550415,,0,False,0,0.030000,friendly_or_youth,,,0.000000,,unavailable,0,D,0,,,False,Club Friendly|away|1.5_2.0,-0.026824,6.000,insufficient,5,C,Club Friendly,Other,away,0,ESPN,Rejected,insufficient_or_conflicting_evidence,,,
2026-08-01,401878415,Falkirk vs St Mirren,Falkirk,2.000,0.471935,0.441060,0.427206,0.420000,1.7024,1.4564,0.251014,20,19,1-1:11.4%;2-1:9.0%;1-2:7.7%,goals=.40;market=.35;form=.25,0.441060,,0,False,0,0.000000,standard,77,76,0.000000,,unavailable,2,D,0,,,False,SPFL Premiership|home|2.0_2.5,-0.117881,6.000,insufficient,7,B,SPFL Premiership,Other,home,0,ESPN,Rejected,insufficient_or_conflicting_evidence,,,
2026-08-01,401878415,Falkirk vs St Mirren,St Mirren,3.600,0.262186,0.365477,0.321780,0.580000,1.7024,1.4564,0.251014,20,19,1-1:11.4%;2-1:9.0%;1-2:7.7%,goals=.40;market=.35;form=.25,0.365477,,0,False,0,0.000000,standard,76,77,0.000000,,unavailable,2,D,0,,,False,SPFL Premiership|away|3.0_plus,0.315718,10.000,insufficient,7,B,SPFL Premiership,Other,away,0,ESPN,Rejected,insufficient_or_conflicting_evidence,,,
2026-08-01,401878414,Aberdeen vs Heart of Midlothian,Aberdeen,3.000,0.315789,0.369123,,0.606667,,,,0,0,,goals=0;market+form=fallback,0.369123,,0,False,0,0.000000,standard,,,0.000000,,unavailable,0,D,0,,,False,SPFL Premiership|home|3.0_plus,0.107368,9.221,insufficient,6,C,SPFL Premiership,Other,home,0,ESPN,Rejected,insufficient_or_conflicting_evidence,,,
2026-08-01,401878414,Aberdeen vs Heart of Midlothian,Heart of Midlothian,2.250,0.421053,0.367719,,0.393333,,,,0,0,,goals=0;market+form=fallback,0.367719,,0,False,0,0.000000,standard,,,0.000000,,unavailable,0,D,0,,,False,SPFL Premiership|away|2.0_2.5,-0.172632,6.000,insufficient,6,C,SPFL Premiership,Other,away,0,ESPN,Rejected,insufficient_or_conflicting_evidence,,,
2026-08-01,401842045,Lexington vs Monterey Bay,Lexington,1.541,0.588325,0.607073,,0.537495,,,,0,0,,goals=0;market+form=fallback,0.607073,,0,False,0,0.000000,standard,,,0.000000,,unavailable,2,D,0,,,False,USL Championship|home|1.5_2.0,-0.064501,6.000,reliable,9,A,USL Championship,Other,home,0,ESPN,Rejected,non_positive_ev,,,
2026-08-01,401842045,Lexington vs Monterey Bay,Monterey Bay,4.900,0.185022,0.166275,,0.462505,,,,0,0,,goals=0;market+form=fallback,0.166275,,0,False,0,0.000000,standard,,,0.000000,,unavailable,2,D,0,,,False,USL Championship|away|3.0_plus,-0.185254,6.000,reliable,9,A,USL Championship,Other,away,0,ESPN,Rejected,non_positive_ev,,,
2026-08-01,401842047,Loudoun United FC vs Hartford Athletic,Loudoun United FC,2.300,0.396364,0.392719,,0.492708,,,,0,0,,goals=0;market+form=fallback,0.392719,,0,False,0,0.000000,standard,,,0.000000,,unavailable,2,D,0,,,False,USL Championship|home|2.0_2.5,-0.096747,6.000,reliable,10,A,USL Championship,Other,home,0,ESPN,Rejected,non_positive_ev,,,
2026-08-01,401842047,Loudoun United FC vs Hartford Athletic,Hartford Athletic,2.750,0.331505,0.335151,,0.507292,,,,0,0,,goals=0;market+form=fallback,0.335151,,0,False,0,0.000000,standard,,,0.000000,,unavailable,2,D,0,,,False,USL Championship|away|2.5_3.0,-0.078336,6.000,reliable,10,A,USL Championship,Other,away,0,ESPN,Rejected,non_positive_ev,,,
2026-08-01,401842061,Miami FC vs Detroit City FC,Miami FC,3.350,0.271208,0.256465,,0.470514,,,,0,0,,goals=0;market+form=fallback,0.256465,,0,False,0,0.000000,standard,,,0.000000,,unavailable,2,D,0,,,False,USL Championship|home|3.0_plus,-0.140841,6.000,reliable,9,A,USL Championship,Other,home,0,ESPN,Rejected,non_positive_ev,,,
2026-08-01,401842061,Miami FC vs Detroit City FC,Detroit City FC,1.952,0.465445,0.480188,,0.529486,,,,0,0,,goals=0;market+form=fallback,0.480188,,0,False,0,0.000000,standard,,,0.000000,,unavailable,2,D,0,,,False,USL Championship|away|1.5_2.0,-0.062674,6.000,reliable,9,A,USL Championship,Other,away,0,ESPN,Rejected,non_positive_ev,,,
2026-08-01,401842039,Birmingham Legion FC vs Rhode Island FC,Birmingham Legion FC,3.050,0.296572,0.268003,,0.442861,,,,0,0,,goals=0;market+form=fallback,0.268003,,0,False,0,0.000000,standard,,,0.000000,,unavailable,2,D,0,,,False,USL Championship|home|3.0_plus,-0.182592,6.000,reliable,9,A,USL Championship,Other,home,0,ESPN,Rejected,non_positive_ev,,,
2026-08-01,401842039,Birmingham Legion FC vs Rhode Island FC,Rhode Island FC,2.050,0.441241,0.469811,,0.557139,,,,0,0,,goals=0;market+form=fallback,0.469811,,0,False,0,0.000000,standard,,,0.000000,,unavailable,2,D,0,,,False,USL Championship|away|2.0_2.5,-0.036888,6.000,reliable,9,A,USL Championship,Other,away,0,ESPN,Rejected,non_positive_ev,,,
2026-08-01,401842049,Tampa Bay Rowdies vs Louisville City FC,Tampa Bay Rowdies,1.909,0.472219,0.469042,,0.493647,,,,0,0,,goals=0;market+form=fallback,0.469042,,0,False,0,0.000000,standard,,,0.000000,,unavailable,0,D,0,,,False,USL Championship|home|1.5_2.0,-0.104598,6.000,insufficient,7,B,USL Championship,Other,home,0,ESPN,Rejected,insufficient_or_conflicting_evidence,,,
2026-08-01,401842049,Tampa Bay Rowdies vs Louisville City FC,Louisville City FC,3.250,0.277374,0.280551,,0.506353,,,,0,0,,goals=0;market+form=fallback,0.280551,,0,False,0,0.000000,standard,,,0.000000,,unavailable,0,D,0,,,False,USL Championship|away|3.0_plus,-0.088211,6.000,insufficient,7,B,USL Championship,Other,away,0,ESPN,Rejected,insufficient_or_conflicting_evidence,,,
2026-08-01,401842051,New Mexico United vs Colorado Springs Switchbacks FC,New Mexico United,2.650,0.341112,0.347216,,0.512208,,,,0,0,,goals=0;market+form=fallback,0.347216,,0,False,0,0.000000,standard,,,0.000000,,unavailable,2,D,0,,,False,USL Championship|home|2.5_3.0,-0.079876,6.000,reliable,9,A,USL Championship,Other,home,0,ESPN,Rejected,non_positive_ev,,,
2026-08-01,401842051,New Mexico United vs Colorado Springs Switchbacks FC,Colorado Springs Switchbacks FC,2.300,0.393021,0.386917,,0.487792,,,,0,0,,goals=0;market+form=fallback,0.386917,,0,False,0,0.000000,standard,,,0.000000,,unavailable,2,D,0,,,False,USL Championship|away|2.0_2.5,-0.110092,6.000,reliable,9,A,USL Championship,Other,away,0,ESPN,Rejected,non_positive_ev,,,
2026-08-01,401842053,Oakland Roots vs Pittsburgh Riverhounds,Oakland Roots,2.250,0.403715,0.389342,,0.471255,,,,0,0,,goals=0;market+form=fallback,0.389342,,0,False,0,0.000000,standard,,,0.000000,,unavailable,2,D,0,,,False,USL Championship|home|2.0_2.5,-0.123980,6.000,reliable,9,A,USL Championship,Other,home,0,ESPN,Rejected,non_positive_ev,,,
2026-08-01,401842053,Oakland Roots vs Pittsburgh Riverhounds,Pittsburgh Riverhounds,2.950,0.307918,0.322290,,0.528745,,,,0,0,,goals=0;market+form=fallback,0.322290,,0,False,0,0.000000,standard,,,0.000000,,unavailable,2,D,0,,,False,USL Championship|away|2.5_3.0,-0.049243,6.000,reliable,9,A,USL Championship,Other,away,0,ESPN,Rejected,non_positive_ev,,,
2026-08-01,401842055,Orange County SC vs El Paso Locomotive FC,Orange County SC,2.100,0.428663,0.442563,,0.527799,,,,0,0,,goals=0;market+form=fallback,0.442563,,0,False,0,0.000000,standard,,,0.000000,,unavailable,2,D,0,,,False,USL Championship|home|2.0_2.5,-0.070618,6.000,reliable,9,A,USL Championship,Other,home,0,ESPN,Rejected,non_positive_ev,,,
2026-08-01,401842055,Orange County SC vs El Paso Locomotive FC,El Paso Locomotive FC,2.900,0.310411,0.296512,,0.472201,,,,0,0,,goals=0;market+form=fallback,0.296512,,0,False,0,0.000000,standard,,,0.000000,,unavailable,2,D,0,,,False,USL Championship|away|2.5_3.0,-0.140116,6.000,reliable,9,A,USL Championship,Other,away,0,ESPN,Rejected,non_positive_ev,,,
2026-08-01,401842043,Las Vegas Lights FC vs Phoenix Rising FC,Las Vegas Lights FC,2.450,0.368984,0.391551,,0.545135,,,,0,0,,goals=0;market+form=fallback,0.391551,,0,False,0,0.000000,standard,,,0.000000,,unavailable,2,D,0,,,False,USL Championship|home|2.0_2.5,-0.040699,6.000,reliable,9,A,USL Championship,Other,home,0,ESPN,Rejected,non_positive_ev,,,
2026-08-01,401842043,Las Vegas Lights FC vs Phoenix Rising FC,Phoenix Rising FC,2.450,0.368984,0.346417,,0.454865,,,,0,0,,goals=0;market+form=fallback,0.346417,,0,False,0,0.000000,standard,,,0.000000,,unavailable,2,D,0,,,False,USL Championship|away|2.0_2.5,-0.151279,6.000,reliable,9,A,USL Championship,Other,away,0,ESPN,Rejected,non_positive_ev,,,
2026-08-01,401841984,Charlotte Independence vs One Knoxville,Charlotte Independence,2.600,0.347502,0.338835,,0.482667,,,,0,0,,goals=0;market+form=fallback,0.338835,,0,False,0,0.000000,standard,,,0.000000,,unavailable,2,D,0,,,False,USL League One|home|2.5_3.0,-0.119029,6.000,reliable,9,A,USL League One,Other,home,0,ESPN,Rejected,non_positive_ev,,,
2026-08-01,401841984,Charlotte Independence vs One Knoxville,One Knoxville,2.650,0.340945,0.349612,,0.517333,,,,0,0,,goals=0;market+form=fallback,0.349612,,0,False,0,0.000000,standard,,,0.000000,,unavailable,2,D,0,,,False,USL League One|away|2.5_3.0,-0.073529,6.000,reliable,9,A,USL League One,Other,away,0,ESPN,Rejected,non_positive_ev,,,
2026-08-01,401841982,Chattanooga Red Wolves vs Spokane Velocity FC,Chattanooga Red Wolves,2.400,0.375723,0.362398,,0.473352,,,,0,0,,goals=0;market+form=fallback,0.362398,,0,False,0,0.000000,standard,,,0.000000,,unavailable,2,D,0,,,False,USL League One|home|2.0_2.5,-0.130244,6.000,reliable,9,A,USL League One,Other,home,0,ESPN,Rejected,non_positive_ev,,,
2026-08-01,401841982,Chattanooga Red Wolves vs Spokane Velocity FC,Spokane Velocity FC,2.600,0.346821,0.360145,,0.526648,,,,0,0,,goals=0;market+form=fallback,0.360145,,0,False,0,0.000000,standard,,,0.000000,,unavailable,2,D,0,,,False,USL League One|away|2.5_3.0,-0.063623,6.000,reliable,9,A,USL League One,Other,away,0,ESPN,Rejected,non_positive_ev,,,
2026-08-01,401841992,Greenville Triumph vs Portland Hearts of Pine,Greenville Triumph,1.833,0.493117,0.470120,,0.454007,,,,0,0,,goals=0;market+form=fallback,0.470120,,0,False,0,0.000000,standard,,,0.000000,,unavailable,2,D,0,,,False,USL League One|home|1.5_2.0,-0.138269,6.000,reliable,9,A,USL League One,Other,home,0,ESPN,Rejected,non_positive_ev,,,
2026-08-01,401841992,Greenville Triumph vs Portland Hearts of Pine,Portland Hearts of Pine,3.400,0.265848,0.288844,,0.545993,,,,0,0,,goals=0;market+form=fallback,0.288844,,0,False,0,0.000000,standard,,,0.000000,,unavailable,2,D,0,,,False,USL League One|away|3.0_plus,-0.017930,6.000,reliable,9,A,USL League One,Other,away,0,ESPN,Rejected,non_positive_ev,,,
2026-08-01,401841986,Richmond Kickers vs AV Alta FC,Richmond Kickers,2.950,0.307568,0.280663,,0.446190,,,,0,0,,goals=0;market+form=fallback,0.280663,,0,False,0,0.000000,standard,,,0.000000,,unavailable,2,D,0,,,False,USL League One|home|2.5_3.0,-0.172045,6.000,reliable,9,A,USL League One,Other,home,0,ESPN,Rejected,non_positive_ev,,,
2026-08-01,401841986,Richmond Kickers vs AV Alta FC,AV Alta FC,2.000,0.453662,0.480568,,0.553810,,,,0,0,,goals=0;market+form=fallback,0.480568,,0,False,0,0.000000,standard,,,0.000000,,unavailable,2,D,0,,,False,USL League One|away|2.0_2.5,-0.038865,6.000,reliable,9,A,USL League One,Other,away,0,ESPN,Rejected,non_positive_ev,,,
2026-08-01,401841980,Fort Wayne vs Union Omaha,Fort Wayne,2.550,0.354293,0.345804,,0.483022,,,,0,0,,goals=0;market+form=fallback,0.345804,,0,False,0,0.000000,standard,,,0.000000,,unavailable,2,D,0,,,False,USL League One|home|2.5_3.0,-0.118200,6.000,reliable,9,A,USL League One,Other,home,0,ESPN,Rejected,non_positive_ev,,,
2026-08-01,401841980,Fort Wayne vs Union Omaha,Union Omaha,2.250,0.401532,0.410021,,0.516978,,,,0,0,,goals=0;market+form=fallback,0.410021,,0,False,0,0.000000,standard,,,0.000000,,unavailable,2,D,0,,,False,USL League One|away|2.0_2.5,-0.077452,6.000,reliable,9,A,USL League One,Other,away,0,ESPN,Rejected,non_positive_ev,,,
2026-08-01,401841978,Sarasota Paradise vs FC Naples,Sarasota Paradise,2.050,0.441943,0.464258,,0.544630,,,,0,0,,goals=0;market+form=fallback,0.464258,,0,False,0,0.000000,standard,,,0.000000,,unavailable,2,D,0,,,False,USL League One|home|2.0_2.5,-0.048271,6.000,reliable,9,A,USL League One,Other,home,0,ESPN,Rejected,non_positive_ev,,,
2026-08-01,401841978,Sarasota Paradise vs FC Naples,FC Naples,3.150,0.287614,0.265299,,0.455370,,,,0,0,,goals=0;market+form=fallback,0.265299,,0,False,0,0.000000,standard,,,0.000000,,unavailable,2,D,0,,,False,USL League One|away|3.0_plus,-0.164308,6.000,reliable,9,A,USL League One,Other,away,0,ESPN,Rejected,non_positive_ev,,,
2026-08-01,401886415,Cruz Azul Hidalgo vs Venados FC,Cruz Azul Hidalgo,2.400,0.380035,0.343702,,0.427333,,,,0,0,,goals=0;market+form=fallback,0.343702,,0,False,0,0.000000,standard,,,0.000000,,unavailable,2,D,0,,,False,Liga de Expansión MX|home|2.0_2.5,-0.175116,6.000,reliable,10,A,Liga de Expansión MX,Other,home,0,ESPN,Rejected,non_positive_ev,,,
2026-08-01,401886415,Cruz Azul Hidalgo vs Venados FC,Venados FC,2.800,0.325744,0.362078,,0.572667,,,,0,0,,goals=0;market+form=fallback,0.362078,,0,False,0,0.000000,standard,,,0.000000,,unavailable,2,D,0,,,False,Liga de Expansión MX|away|2.5_3.0,0.013817,6.415,reliable,10,A,Liga de Expansión MX,Other,away,0,ESPN,Watchlist,below_staking_threshold,,,
2026-08-01,401886414,Tapatío vs Club Jaiba Brava,Tapatío,2.200,0.412765,0.399765,,0.474000,,,,0,0,,goals=0;market+form=fallback,0.399765,,0,False,0,0.000000,standard,,,0.000000,,unavailable,2,D,0,,,False,Liga de Expansión MX|home|2.0_2.5,-0.120517,6.000,reliable,9,A,Liga de Expansión MX,Other,home,0,ESPN,Rejected,non_positive_ev,,,
2026-08-01,401886414,Tapatío vs Club Jaiba Brava,Club Jaiba Brava,2.950,0.307825,0.320825,,0.526000,,,,0,0,,goals=0;market+form=fallback,0.320825,,0,False,0,0.000000,standard,,,0.000000,,unavailable,2,D,0,,,False,Liga de Expansión MX|away|2.5_3.0,-0.053567,6.000,reliable,9,A,Liga de Expansión MX,Other,away,0,ESPN,Rejected,non_positive_ev,,,
2026-08-01,401886413,Cancún FC vs Leones Negros,Cancún FC,1.800,0.502273,0.508939,,0.513333,,,,0,0,,goals=0;market+form=fallback,0.508939,,0,False,0,0.000000,standard,,,0.000000,,unavailable,0,D,0,,,False,Liga de Expansión MX|home|1.5_2.0,-0.083909,6.000,insufficient,5,C,Liga de Expansión MX,Other,home,0,ESPN,Rejected,insufficient_or_conflicting_evidence,,,
2026-08-01,401886413,Cancún FC vs Leones Negros,Leones Negros,3.900,0.231818,0.225152,,0.486667,,,,0,0,,goals=0;market+form=fallback,0.225152,,0,False,0,0.000000,standard,,,0.000000,,unavailable,0,D,0,,,False,Liga de Expansión MX|away|3.0_plus,-0.121909,6.000,insufficient,5,C,Liga de Expansión MX,Other,away,0,ESPN,Rejected,insufficient_or_conflicting_evidence,,,
2026-08-01,401881820,WSG Swarovski Tirol vs SK Sturm Graz,WSG Swarovski Tirol,3.550,0.266837,0.213504,,0.393333,,,,0,0,,goals=0;market+form=fallback,0.213504,,0,False,0,0.000000,standard,,,0.000000,,unavailable,0,D,0,,,False,Austrian Bundesliga|home|3.0_plus,-0.242061,6.000,insufficient,6,C,Austrian Bundesliga,Bundesliga,home,0,ESPN,Rejected,insufficient_or_conflicting_evidence,,,
2026-08-01,401881820,WSG Swarovski Tirol vs SK Sturm Graz,SK Sturm Graz,2.000,0.473636,0.526969,,0.606667,,,,0,0,,goals=0;market+form=fallback,0.526969,,0,False,0,0.000000,standard,,,0.000000,,unavailable,0,D,0,,,False,Austrian Bundesliga|away|2.0_2.5,0.053939,7.618,insufficient,6,C,Austrian Bundesliga,Bundesliga,away,0,ESPN,Rejected,insufficient_or_conflicting_evidence,,,
2026-08-01,401861436,Tianjin Jinmen Tiger vs Yunnan Yukun,Tianjin Jinmen Tiger,2.200,0.427285,0.447355,,0.540140,,,,0,0,,goals=0;market+form=fallback,0.447355,,0,False,0,0.000000,standard,,,0.000000,,unavailable,0,D,0,,,False,Chinese Super League|home|2.0_2.5,-0.015818,6.000,insufficient,8,B,Chinese Super League,Other,home,0,ESPN,Rejected,insufficient_or_conflicting_evidence,,,
2026-08-01,401861436,Tianjin Jinmen Tiger vs Yunnan Yukun,Yunnan Yukun,2.950,0.318653,0.298583,,0.459860,,,,0,0,,goals=0;market+form=fallback,0.298583,,0,False,0,0.000000,standard,,,0.000000,,unavailable,0,D,0,,,False,Chinese Super League|away|2.5_3.0,-0.119180,6.000,insufficient,8,B,Chinese Super League,Other,away,0,ESPN,Rejected,insufficient_or_conflicting_evidence,,,
2026-08-01,401861437,Beijing Guoan vs Zhejiang Professional FC,Beijing Guoan,1.556,0.606570,0.624179,,0.535219,,,,0,0,,goals=0;market+form=fallback,0.624179,,0,False,0,0.000000,standard,,,0.000000,,unavailable,2,D,0,,,False,Chinese Super League|home|1.5_2.0,-0.028777,6.000,reliable,10,A,Chinese Super League,Other,home,0,ESPN,Rejected,non_positive_ev,,,
2026-08-01,401861437,Beijing Guoan vs Zhejiang Professional FC,Zhejiang Professional FC,4.900,0.192617,0.175007,,0.464781,,,,0,0,,goals=0;market+form=fallback,0.175007,,0,False,0,0.000000,standard,,,0.000000,,unavailable,2,D,0,,,False,Chinese Super League|away|3.0_plus,-0.142465,6.000,reliable,10,A,Chinese Super League,Other,away,0,ESPN,Rejected,non_positive_ev,,,
2026-08-01,401861438,Shanghai Port vs Shandong Taishan,Shanghai Port,1.870,0.507100,0.508670,,0.503140,,,,0,0,,goals=0;market+form=fallback,0.508670,,0,False,0,0.000000,standard,,,0.000000,,unavailable,0,D,0,,,False,Chinese Super League|home|1.5_2.0,-0.048787,6.000,insufficient,8,B,Chinese Super League,Other,home,0,ESPN,Rejected,insufficient_or_conflicting_evidence,,,
2026-08-01,401861438,Shanghai Port vs Shandong Taishan,Shandong Taishan,3.550,0.267120,0.265550,,0.496860,,,,0,0,,goals=0;market+form=fallback,0.265550,,0,False,0,0.000000,standard,,,0.000000,,unavailable,0,D,0,,,False,Chinese Super League|away|3.0_plus,-0.057298,6.000,insufficient,8,B,Chinese Super League,Other,away,0,ESPN,Rejected,insufficient_or_conflicting_evidence,,,
2026-08-01,401878596,Ayr United vs Arbroath,Ayr United,2.400,0.392157,0.425490,,0.566667,,,,0,0,,goals=0;market+form=fallback,0.425490,,0,False,0,0.000000,standard,,,0.000000,,unavailable,0,D,0,,,False,SPFL Championship|home|2.0_2.5,0.021176,6.635,insufficient,6,C,SPFL Championship,Other,home,0,ESPN,Rejected,insufficient_or_conflicting_evidence,,,
2026-08-01,401878596,Ayr United vs Arbroath,Arbroath,3.000,0.313725,0.280392,,0.433333,,,,0,0,,goals=0;market+form=fallback,0.280392,,0,False,0,0.000000,standard,,,0.000000,,unavailable,0,D,0,,,False,SPFL Championship|away|3.0_plus,-0.158824,6.000,insufficient,6,C,SPFL Championship,Other,away,0,ESPN,Rejected,insufficient_or_conflicting_evidence,,,
2026-08-01,401878595,Greenock Morton vs Partick Thistle,Greenock Morton,5.500,0.172103,0.118770,,0.393333,,,,0,0,,goals=0;market+form=fallback,0.118770,,0,False,0,0.000000,standard,,,0.000000,,unavailable,0,D,0,,,False,SPFL Championship|home|3.0_plus,-0.346768,6.000,insufficient,6,C,SPFL Championship,Other,home,0,ESPN,Rejected,insufficient_or_conflicting_evidence,,,
2026-08-01,401878595,Greenock Morton vs Partick Thistle,Partick Thistle,1.571,0.602524,0.655858,,0.606667,,,,0,0,,goals=0;market+form=fallback,0.655858,,0,False,0,0.000000,standard,,,0.000000,,unavailable,0,D,0,,,False,SPFL Championship|away|1.5_2.0,0.030352,6.911,insufficient,6,C,SPFL Championship,Other,away,0,ESPN,Rejected,insufficient_or_conflicting_evidence,,,
2026-08-01,401842776,BK Häcken vs Kalmar FF,BK Häcken,1.741,0.540754,0.546588,,0.511667,,,,0,0,,goals=0;market+form=fallback,0.546588,,0,False,0,0.000000,standard,,,0.000000,,unavailable,2,D,0,,,False,Swedish Allsvenskan|home|1.5_2.0,-0.048391,6.000,reliable,10,A,Swedish Allsvenskan,Other,home,0,ESPN,Rejected,non_positive_ev,,,
2026-08-01,401842776,BK Häcken vs Kalmar FF,Kalmar FF,4.100,0.229623,0.223789,,0.488333,,,,0,0,,goals=0;market+form=fallback,0.223789,,0,False,0,0.000000,standard,,,0.000000,,unavailable,2,D,0,,,False,Swedish Allsvenskan|away|3.0_plus,-0.082463,6.000,reliable,10,A,Swedish Allsvenskan,Other,away,0,ESPN,Rejected,non_positive_ev,,,
2026-08-01,401874476,Lyngby Boldklub vs AGF,Lyngby Boldklub,2.950,0.319952,0.282286,,0.424667,,,,0,0,,goals=0;market+form=fallback,0.282286,,0,False,0,0.000000,standard,,,0.000000,,unavailable,2,D,0,,,False,Danish Superliga|home|2.5_3.0,-0.167257,6.000,reliable,10,A,Danish Superliga,Other,home,0,ESPN,Rejected,non_positive_ev,,,
2026-08-01,401874476,Lyngby Boldklub vs AGF,AGF,2.300,0.410374,0.448040,,0.575333,,,,0,0,,goals=0;market+form=fallback,0.448040,,0,False,0,0.000000,standard,,,0.000000,,unavailable,2,D,0,,,False,Danish Superliga|away|2.0_2.5,0.030493,6.915,reliable,10,A,Danish Superliga,Other,away,0,ESPN,Watchlist,below_staking_threshold,,,
2026-08-01,401873925,Fredrikstad vs Sandefjord,Fredrikstad,2.350,0.402801,0.410635,,0.515667,,,,0,0,,goals=0;market+form=fallback,0.410635,,0,False,0,0.000000,standard,,,0.000000,,unavailable,0,D,0,,,False,Norwegian Eliteserien|home|2.0_2.5,-0.035008,6.000,insufficient,8,B,Norwegian Eliteserien,Other,home,0,ESPN,Rejected,insufficient_or_conflicting_evidence,,,
2026-08-01,401873925,Fredrikstad vs Sandefjord,Sandefjord,3.050,0.310355,0.302522,,0.484333,,,,0,0,,goals=0;market+form=fallback,0.302522,,0,False,0,0.000000,standard,,,0.000000,,unavailable,0,D,0,,,False,Norwegian Eliteserien|away|3.0_plus,-0.077308,6.000,insufficient,8,B,Norwegian Eliteserien,Other,away,0,ESPN,Rejected,insufficient_or_conflicting_evidence,,,
2026-08-01,401873931,IK Start vs Viking FK,IK Start,5.250,0.180483,0.142594,,0.424222,,,,0,0,,goals=0;market+form=fallback,0.142594,,0,False,0,0.000000,standard,,,0.000000,,unavailable,2,D,0,,,False,Norwegian Eliteserien|home|3.0_plus,-0.251383,6.000,reliable,10,A,Norwegian Eliteserien,Other,home,0,ESPN,Rejected,non_positive_ev,,,
2026-08-01,401873931,IK Start vs Viking FK,Viking FK,1.556,0.608955,0.646843,,0.575778,,,,0,0,,goals=0;market+form=fallback,0.646843,,0,False,0,0.000000,standard,,,0.000000,,unavailable,2,D,0,,,False,Norwegian Eliteserien|away|1.5_2.0,0.006488,6.195,reliable,10,A,Norwegian Eliteserien,Other,away,0,ESPN,Watchlist,below_staking_threshold,,,
2026-08-01,401841466,Estudiantes de Río Cuarto vs Banfield,Estudiantes de Río Cuarto,2.750,0.345238,0.314905,,0.439333,,,,0,0,,goals=0;market+form=fallback,0.314905,,0,False,0,0.000000,standard,,,0.000000,,unavailable,2,D,0,,,False,Argentine LPF|home|2.5_3.0,-0.134012,6.000,reliable,10,A,Argentine LPF,Other,home,0,ESPN,Rejected,non_positive_ev,,,
2026-08-01,401841466,Estudiantes de Río Cuarto vs Banfield,Banfield,2.900,0.327381,0.357714,,0.560667,,,,0,0,,goals=0;market+form=fallback,0.357714,,0,False,0,0.000000,standard,,,0.000000,,unavailable,2,D,0,,,False,Argentine LPF|away|2.5_3.0,0.037371,7.121,reliable,10,A,Argentine LPF,Other,away,0,ESPN,Watchlist,below_staking_threshold,,,
2026-08-01,401841464,Gimnasia (Mendoza) vs Unión (Santa Fe),Gimnasia (Mendoza),3.150,0.299786,0.322953,,0.546333,,,,0,0,,goals=0;market+form=fallback,0.322953,,0,False,0,0.000000,standard,,,0.000000,,unavailable,2,D,0,,,False,Argentine LPF|home|3.0_plus,0.017300,6.519,reliable,10,A,Argentine LPF,Other,home,0,ESPN,Rejected,not_selected,,,
2026-08-01,401841464,Gimnasia (Mendoza) vs Unión (Santa Fe),Unión (Santa Fe),2.450,0.385439,0.362272,,0.453667,,,,0,0,,goals=0;market+form=fallback,0.362272,,0,False,0,0.000000,standard,,,0.000000,,unavailable,2,D,0,,,False,Argentine LPF|away|2.0_2.5,-0.112433,6.000,reliable,10,A,Argentine LPF,Other,away,0,ESPN,Rejected,non_positive_ev,,,
2026-08-01,401841469,Belgrano (Córdoba) vs Argentinos Juniors,Belgrano (Córdoba),2.550,0.371525,0.384525,,0.526000,,,,0,0,,goals=0;market+form=fallback,0.384525,,0,False,0,0.000000,standard,,,0.000000,,unavailable,2,D,0,,,False,Argentine LPF|home|2.5_3.0,-0.019462,6.000,reliable,10,A,Argentine LPF,Other,home,0,ESPN,Rejected,non_positive_ev,,,
2026-08-01,401841469,Belgrano (Córdoba) vs Argentinos Juniors,Argentinos Juniors,3.200,0.296059,0.283059,,0.474000,,,,0,0,,goals=0;market+form=fallback,0.283059,,0,False,0,0.000000,standard,,,0.000000,,unavailable,2,D,0,,,False,Argentine LPF|away|3.0_plus,-0.094212,6.000,reliable,10,A,Argentine LPF,Other,away,0,ESPN,Rejected,non_positive_ev,,,
2026-08-01,401841478,Estudiantes de La Plata vs Defensa y Justicia,Estudiantes de La Plata,1.645,0.575524,0.560857,,0.470667,,,,0,0,,goals=0;market+form=fallback,0.560857,,0,False,0,0.000000,standard,,,0.000000,,unavailable,0,D,0,,,False,Argentine LPF|home|1.5_2.0,-0.077390,6.000,insufficient,8,B,Argentine LPF,Other,home,0,ESPN,Rejected,insufficient_or_conflicting_evidence,,,
2026-08-01,401841478,Estudiantes de La Plata vs Defensa y Justicia,Defensa y Justicia,6.000,0.157790,0.172456,,0.529333,,,,0,0,,goals=0;market+form=fallback,0.172456,,0,False,0,0.000000,standard,,,0.000000,,unavailable,0,D,0,,,False,Argentine LPF|away|3.0_plus,0.034737,7.042,insufficient,8,B,Argentine LPF,Other,away,0,ESPN,Rejected,insufficient_or_conflicting_evidence,,,
2026-08-01,401841475,Racing Club vs Tigre,Racing Club,2.050,0.458015,0.503015,,0.590000,,,,0,0,,goals=0;market+form=fallback,0.503015,,0,False,0,0.000000,standard,,,0.000000,,unavailable,2,D,0,,,False,Argentine LPF|home|2.0_2.5,0.031181,6.935,reliable,10,A,Argentine LPF,Other,home,0,ESPN,Watchlist,below_staking_threshold,,,
2026-08-01,401841475,Racing Club vs Tigre,Tigre,4.100,0.229008,0.184008,,0.410000,,,,0,0,,goals=0;market+form=fallback,0.184008,,0,False,0,0.000000,standard,,,0.000000,,unavailable,2,D,0,,,False,Argentine LPF|away|3.0_plus,-0.245569,6.000,reliable,10,A,Argentine LPF,Other,away,0,ESPN,Rejected,non_positive_ev,,,
2026-08-01,401844022,Nueva Chicago vs San Martín (Tucumán),Nueva Chicago,2.750,0.333260,0.318795,,0.471071,,,,0,0,,goals=0;market+form=fallback,0.318795,,0,False,0,0.000000,standard,,,0.000000,,unavailable,2,D,0,,,False,Argentine Nacional B|home|2.5_3.0,-0.123313,6.000,reliable,10,A,Argentine Nacional B,Other,home,0,ESPN,Rejected,non_positive_ev,,,
2026-08-01,401844022,Nueva Chicago vs San Martín (Tucumán),San Martín (Tucumán),2.800,0.327309,0.341773,,0.528929,,,,0,0,,goals=0;market+form=fallback,0.341773,,0,False,0,0.000000,standard,,,0.000000,,unavailable,2,D,0,,,False,Argentine Nacional B|away|2.5_3.0,-0.043034,6.000,reliable,10,A,Argentine Nacional B,Other,away,0,ESPN,Rejected,non_positive_ev,,,
2026-08-01,401844011,Acassuso vs Colón (Santa Fe),Acassuso,3.950,0.233160,0.208377,,0.450434,,,,0,0,,goals=0;market+form=fallback,0.208377,,0,False,0,0.000000,standard,,,0.000000,,unavailable,2,D,0,,,False,Argentine Nacional B|home|3.0_plus,-0.176910,6.000,reliable,10,A,Argentine Nacional B,Other,home,0,ESPN,Rejected,non_positive_ev,,,
2026-08-01,401844011,Acassuso vs Colón (Santa Fe),Colón (Santa Fe),2.050,0.449260,0.474043,,0.549566,,,,0,0,,goals=0;market+form=fallback,0.474043,,0,False,0,0.000000,standard,,,0.000000,,unavailable,2,D,0,,,False,Argentine Nacional B|away|2.0_2.5,-0.028213,6.000,reliable,10,A,Argentine Nacional B,Other,away,0,ESPN,Rejected,non_positive_ev,,,
2026-08-01,401844028,Almagro vs Midland,Almagro,2.850,0.323424,0.337979,,0.529111,,,,0,0,,goals=0;market+form=fallback,0.337979,,0,False,0,0.000000,standard,,,0.000000,,unavailable,0,D,0,,,False,Argentine Nacional B|home|2.5_3.0,-0.036759,6.000,insufficient,8,B,Argentine Nacional B,Other,home,0,ESPN,Rejected,insufficient_or_conflicting_evidence,,,
2026-08-01,401844028,Almagro vs Midland,Midland,2.750,0.335185,0.320629,,0.470889,,,,0,0,,goals=0;market+form=fallback,0.320629,,0,False,0,0.000000,standard,,,0.000000,,unavailable,0,D,0,,,False,Argentine Nacional B|away|2.5_3.0,-0.118270,6.000,insufficient,8,B,Argentine Nacional B,Other,away,0,ESPN,Rejected,insufficient_or_conflicting_evidence,,,
2026-08-01,401844018,Colegiales vs Gimnasia y Esgrima (Jujuy),Colegiales,2.500,0.369068,0.352068,,0.466000,,,,0,0,,goals=0;market+form=fallback,0.352068,,0,False,0,0.000000,standard,,,0.000000,,unavailable,2,D,0,,,False,Argentine Nacional B|home|2.5_3.0,-0.119830,6.000,reliable,10,A,Argentine Nacional B,Other,home,0,ESPN,Rejected,non_positive_ev,,,
2026-08-01,401844018,Colegiales vs Gimnasia y Esgrima (Jujuy),Gimnasia y Esgrima (Jujuy),2.900,0.318162,0.335162,,0.534000,,,,0,0,,goals=0;market+form=fallback,0.335162,,0,False,0,0.000000,standard,,,0.000000,,unavailable,2,D,0,,,False,Argentine Nacional B|away|2.5_3.0,-0.028030,6.000,reliable,10,A,Argentine Nacional B,Other,away,0,ESPN,Rejected,non_positive_ev,,,
2026-08-01,401844027,Defensores de Belgrano vs Estudiantes (Buenos Aires),Defensores de Belgrano,2.400,0.384421,0.363982,,0.459121,,,,0,0,,goals=0;market+form=fallback,0.363982,,0,False,0,0.000000,standard,,,0.000000,,unavailable,2,D,0,,,False,Argentine Nacional B|home|2.0_2.5,-0.126443,6.000,reliable,10,A,Argentine Nacional B,Other,home,0,ESPN,Rejected,non_positive_ev,,,
2026-08-01,401844027,Defensores de Belgrano vs Estudiantes (Buenos Aires),Estudiantes (Buenos Aires),3.450,0.267424,0.287863,,0.540879,,,,0,0,,goals=0;market+form=fallback,0.287863,,0,False,0,0.000000,standard,,,0.000000,,unavailable,2,D,0,,,False,Argentine Nacional B|away|3.0_plus,-0.006873,6.000,reliable,10,A,Argentine Nacional B,Other,away,0,ESPN,Rejected,non_positive_ev,,,
2026-08-01,401844024,Ferro Carril Oeste vs Godoy Cruz Antonio Tomba,Ferro Carril Oeste,1.952,0.470133,0.501714,,0.563162,,,,0,0,,goals=0;market+form=fallback,0.501714,,0,False,0,0.000000,standard,,,0.000000,,unavailable,2,D,0,,,False,Argentine Nacional B|home|1.5_2.0,-0.020654,6.000,reliable,10,A,Argentine Nacional B,Other,home,0,ESPN,Rejected,non_positive_ev,,,
2026-08-01,401844024,Ferro Carril Oeste vs Godoy Cruz Antonio Tomba,Godoy Cruz Antonio Tomba,4.300,0.213419,0.181838,,0.436838,,,,0,0,,goals=0;market+form=fallback,0.181838,,0,False,0,0.000000,standard,,,0.000000,,unavailable,2,D,0,,,False,Argentine Nacional B|away|3.0_plus,-0.218098,6.000,reliable,10,A,Argentine Nacional B,Other,away,0,ESPN,Rejected,non_positive_ev,,,
2026-08-01,401844021,Patronato vs Quilmes,Patronato,2.500,0.368932,0.354821,,0.471778,,,,0,0,,goals=0;market+form=fallback,0.354821,,0,False,0,0.000000,standard,,,0.000000,,unavailable,2,D,0,,,False,Argentine Nacional B|home|2.5_3.0,-0.112948,6.000,reliable,10,A,Argentine Nacional B,Other,home,0,ESPN,Rejected,non_positive_ev,,,
2026-08-01,401844021,Patronato vs Quilmes,Quilmes,3.000,0.307443,0.321554,,0.528222,,,,0,0,,goals=0;market+form=fallback,0.321554,,0,False,0,0.000000,standard,,,0.000000,,unavailable,2,D,0,,,False,Argentine Nacional B|away|3.0_plus,-0.035337,6.000,reliable,10,A,Argentine Nacional B,Other,away,0,ESPN,Rejected,non_positive_ev,,,
2026-08-01,401844020,San Martín (San Juan) vs Atletico Rafaela,San Martín (San Juan),1.714,0.534587,0.542511,,0.515848,,,,0,0,,goals=0;market+form=fallback,0.542511,,0,False,0,0.000000,standard,,,0.000000,,unavailable,0,D,0,,,False,Argentine Nacional B|home|1.5_2.0,-0.070136,6.000,insufficient,8,B,Argentine Nacional B,Other,home,0,ESPN,Rejected,insufficient_or_conflicting_evidence,,,
2026-08-01,401844020,San Martín (San Juan) vs Atletico Rafaela,Atletico Rafaela,5.250,0.174530,0.166606,,0.484152,,,,0,0,,goals=0;market+form=fallback,0.166606,,0,False,0,0.000000,standard,,,0.000000,,unavailable,0,D,0,,,False,Argentine Nacional B|away|3.0_plus,-0.125320,6.000,insufficient,8,B,Argentine Nacional B,Other,away,0,ESPN,Rejected,insufficient_or_conflicting_evidence,,,
2026-08-01,401845010,Argentino de Merlo vs Deportivo Laferrere,Argentino de Merlo,2.350,0.390787,0.367824,,0.454074,,,,0,0,,goals=0;market+form=fallback,0.367824,,0,False,0,0.000000,standard,,,0.000000,,unavailable,2,D,0,,,False,Argentine Primera B|home|2.0_2.5,-0.135613,6.000,reliable,10,A,Argentine Primera B,Other,home,0,ESPN,Rejected,non_positive_ev,,,
2026-08-01,401845010,Argentino de Merlo vs Deportivo Laferrere,Deportivo Laferrere,3.200,0.286984,0.309947,,0.545926,,,,0,0,,goals=0;market+form=fallback,0.309947,,0,False,0,0.000000,standard,,,0.000000,,unavailable,2,D,0,,,False,Argentine Primera B|away|3.0_plus,-0.008168,6.000,reliable,10,A,Argentine Primera B,Other,away,0,ESPN,Rejected,non_positive_ev,,,
2026-08-01,401845017,Liniers vs Comunicaciones,Liniers,2.600,0.351864,0.330210,,0.456691,,,,0,0,,goals=0;market+form=fallback,0.330210,,0,False,0,0.000000,standard,,,0.000000,,unavailable,2,D,0,,,False,Argentine Primera B|home|2.5_3.0,-0.141455,6.000,reliable,10,A,Argentine Primera B,Other,home,0,ESPN,Rejected,non_positive_ev,,,
2026-08-01,401845017,Liniers vs Comunicaciones,Comunicaciones,2.900,0.315464,0.337119,,0.543309,,,,0,0,,goals=0;market+form=fallback,0.337119,,0,False,0,0.000000,standard,,,0.000000,,unavailable,2,D,0,,,False,Argentine Primera B|away|2.5_3.0,-0.022356,6.000,reliable,10,A,Argentine Primera B,Other,away,0,ESPN,Rejected,non_positive_ev,,,
2026-08-01,401845016,Real Pilar vs Defensores Unidos,Real Pilar,1.769,0.518437,0.541820,,0.546765,,,,0,0,,goals=0;market+form=fallback,0.541820,,0,False,0,0.000000,standard,,,0.000000,,unavailable,2,D,0,,,False,Argentine Primera B|home|1.5_2.0,-0.041520,6.000,reliable,10,A,Argentine Primera B,Other,home,0,ESPN,Rejected,non_positive_ev,,,
2026-08-01,401845016,Real Pilar vs Defensores Unidos,Defensores Unidos,4.600,0.199373,0.175990,,0.453235,,,,0,0,,goals=0;market+form=fallback,0.175990,,0,False,0,0.000000,standard,,,0.000000,,unavailable,2,D,0,,,False,Argentine Primera B|away|3.0_plus,-0.190445,6.000,reliable,10,A,Argentine Primera B,Other,away,0,ESPN,Rejected,non_positive_ev,,,
2026-08-01,401845014,Sportivo Italiano vs Camioneros,Sportivo Italiano,2.350,0.387223,0.380729,,0.487012,,,,0,0,,goals=0;market+form=fallback,0.380729,,0,False,0,0.000000,standard,,,0.000000,,unavailable,2,D,0,,,False,Argentine Primera B|home|2.0_2.5,-0.105287,6.000,reliable,10,A,Argentine Primera B,Other,home,0,ESPN,Rejected,non_positive_ev,,,
2026-08-01,401845014,Sportivo Italiano vs Camioneros,Camioneros,3.300,0.275750,0.282244,,0.512988,,,,0,0,,goals=0;market+form=fallback,0.282244,,0,False,0,0.000000,standard,,,0.000000,,unavailable,2,D,0,,,False,Argentine Primera B|away|3.0_plus,-0.068596,6.000,reliable,10,A,Argentine Primera B,Other,away,0,ESPN,Rejected,non_positive_ev,,,
2026-08-01,401845011,Villa Dálmine vs Flandria,Villa Dálmine,2.150,0.425746,0.452585,,0.553679,,,,0,0,,goals=0;market+form=fallback,0.452585,,0,False,0,0.000000,standard,,,0.000000,,unavailable,2,D,0,,,False,Argentine Primera B|home|2.0_2.5,-0.026942,6.000,reliable,10,A,Argentine Primera B,Other,home,0,ESPN,Rejected,non_positive_ev,,,
2026-08-01,401845011,Villa Dálmine vs Flandria,Flandria,4.000,0.228838,0.201999,,0.446321,,,,0,0,,goals=0;market+form=fallback,0.201999,,0,False,0,0.000000,standard,,,0.000000,,unavailable,2,D,0,,,False,Argentine Primera B|away|3.0_plus,-0.192005,6.000,reliable,10,A,Argentine Primera B,Other,away,0,ESPN,Rejected,non_positive_ev,,,
2026-08-01,401873956,Vasco da Gama vs Fluminense,Vasco da Gama,3.100,0.304146,0.290812,,0.473333,,,,0,0,,goals=0;market+form=fallback,0.290812,,0,False,0,0.000000,standard,,,0.000000,,unavailable,0,D,0,,,False,"Copa Do Brazil, Round of 16|home|3.0_plus",-0.098482,6.000,insufficient,5,C,"Copa Do Brazil, Round of 16",Other,home,0,ESPN,Rejected,insufficient_or_conflicting_evidence,,,
2026-08-01,401873956,Vasco da Gama vs Fluminense,Fluminense,2.350,0.401213,0.414547,,0.526667,,,,0,0,,goals=0;market+form=fallback,0.414547,,0,False,0,0.000000,standard,,,0.000000,,unavailable,0,D,0,,,False,"Copa Do Brazil, Round of 16|away|2.0_2.5",-0.025815,6.000,insufficient,5,C,"Copa Do Brazil, Round of 16",Other,away,0,ESPN,Rejected,insufficient_or_conflicting_evidence,,,
2026-08-01,401873958,Atlético-MG vs Juventude,Atlético-MG,1.526,0.618709,0.618709,,0.500000,,,,0,0,,goals=0;market+form=fallback,0.618709,,0,False,0,0.000000,standard,,,0.000000,,unavailable,0,D,0,,,False,"Copa Do Brazil, Round of 16|home|1.5_2.0",-0.055850,6.000,insufficient,5,C,"Copa Do Brazil, Round of 16",Other,home,0,ESPN,Rejected,insufficient_or_conflicting_evidence,,,
2026-08-01,401873958,Atlético-MG vs Juventude,Juventude,6.500,0.145254,0.145254,,0.500000,,,,0,0,,goals=0;market+form=fallback,0.145254,,0,False,0,0.000000,standard,,,0.000000,,unavailable,0,D,0,,,False,"Copa Do Brazil, Round of 16|away|3.0_plus",-0.055850,6.000,insufficient,5,C,"Copa Do Brazil, Round of 16",Other,away,0,ESPN,Rejected,insufficient_or_conflicting_evidence,,,
2026-08-01,401873954,Santos vs Remo,Santos,1.556,0.604866,0.631533,,0.553333,,,,0,0,,goals=0;market+form=fallback,0.631533,,0,False,0,0.000000,standard,,,0.000000,,unavailable,0,D,0,,,False,"Copa Do Brazil, Round of 16|home|1.5_2.0",-0.017334,6.000,insufficient,5,C,"Copa Do Brazil, Round of 16",Other,home,0,ESPN,Rejected,insufficient_or_conflicting_evidence,,,
2026-08-01,401873954,Santos vs Remo,Remo,6.000,0.156862,0.130195,,0.446667,,,,0,0,,goals=0;market+form=fallback,0.130195,,0,False,0,0.000000,standard,,,0.000000,,unavailable,0,D,0,,,False,"Copa Do Brazil, Round of 16|away|3.0_plus",-0.218828,6.000,insufficient,5,C,"Copa Do Brazil, Round of 16",Other,away,0,ESPN,Rejected,insufficient_or_conflicting_evidence,,,
2026-08-01,401850611,Cobresal vs Unión La Calera,Cobresal,2.200,0.432039,0.402435,,0.440792,,,,0,0,,goals=0;market+form=fallback,0.402435,,0,False,0,0.000000,standard,,,0.000000,,unavailable,0,D,0,,,False,Chilean Primera|home|2.0_2.5,-0.114643,6.000,insufficient,8,B,Chilean Primera,Other,home,0,ESPN,Rejected,insufficient_or_conflicting_evidence,,,
2026-08-01,401850611,Cobresal vs Unión La Calera,Unión La Calera,3.250,0.292457,0.322062,,0.559208,,,,0,0,,goals=0;market+form=fallback,0.322062,,0,False,0,0.000000,standard,,,0.000000,,unavailable,0,D,0,,,False,Chilean Primera|away|3.0_plus,0.046700,7.401,insufficient,8,B,Chilean Primera,Other,away,0,ESPN,Rejected,insufficient_or_conflicting_evidence,,,
2026-08-01,401850610,Everton CD vs Colo Colo,Everton CD,3.600,0.263158,0.242825,,0.459333,,,,0,0,,goals=0;market+form=fallback,0.242825,,0,False,0,0.000000,standard,,,0.000000,,unavailable,2,D,0,,,False,Chilean Primera|home|3.0_plus,-0.125832,6.000,reliable,10,A,Chilean Primera,Other,home,0,ESPN,Rejected,non_positive_ev,,,
2026-08-01,401850610,Everton CD vs Colo Colo,Colo Colo,2.000,0.473684,0.494018,,0.540667,,,,0,0,,goals=0;market+form=fallback,0.494018,,0,False,0,0.000000,standard,,,0.000000,,unavailable,2,D,0,,,False,Chilean Primera|away|2.0_2.5,-0.011965,6.000,reliable,10,A,Chilean Primera,Other,away,0,ESPN,Rejected,non_positive_ev,,,
2026-08-01,401850608,Palestino vs Coquimbo Unido,Palestino,2.750,0.341929,0.332095,,0.480333,,,,0,0,,goals=0;market+form=fallback,0.332095,,0,False,0,0.000000,standard,,,0.000000,,unavailable,2,D,0,,,False,Chilean Primera|home|2.5_3.0,-0.086737,6.000,reliable,10,A,Chilean Primera,Other,home,0,ESPN,Rejected,non_positive_ev,,,
2026-08-01,401850608,Palestino vs Coquimbo Unido,Coquimbo Unido,2.550,0.368747,0.378580,,0.519667,,,,0,0,,goals=0;market+form=fallback,0.378580,,0,False,0,0.000000,standard,,,0.000000,,unavailable,2,D,0,,,False,Chilean Primera|away|2.5_3.0,-0.034621,6.000,reliable,10,A,Chilean Primera,Other,away,0,ESPN,Rejected,non_positive_ev,,,
2026-08-01,401850604,Deportes Limache vs Ñublense,Deportes Limache,2.350,0.401964,0.364380,,0.424833,,,,0,0,,goals=0;market+form=fallback,0.364380,,0,False,0,0.000000,standard,,,0.000000,,unavailable,2,D,0,,,False,Chilean Primera|home|2.0_2.5,-0.143706,6.000,reliable,10,A,Chilean Primera,Other,home,0,ESPN,Rejected,non_positive_ev,,,
2026-08-01,401850604,Deportes Limache vs Ñublense,Ñublense,2.950,0.320208,0.357792,,0.575167,,,,0,0,,goals=0;market+form=fallback,0.357792,,0,False,0,0.000000,standard,,,0.000000,,unavailable,2,D,0,,,False,Chilean Primera|away|2.5_3.0,0.055486,7.665,reliable,10,A,Chilean Primera,Other,away,0,ESPN,Pending,awaiting_pre_kickoff_check,,,
2026-08-01,401872727,Albion FC vs Danubio,Albion FC,2.100,0.437423,0.445646,,0.516444,,,,0,0,,goals=0;market+form=fallback,0.445646,,0,False,0,0.000000,standard,,,0.000000,,unavailable,2,D,0,,,False,Liga AUF Uruguaya|home|2.0_2.5,-0.064144,6.000,reliable,10,A,Liga AUF Uruguaya,Other,home,0,ESPN,Rejected,non_positive_ev,,,
2026-08-01,401872727,Albion FC vs Danubio,Danubio,3.450,0.266258,0.258035,,0.483556,,,,0,0,,goals=0;market+form=fallback,0.258035,,0,False,0,0.000000,standard,,,0.000000,,unavailable,2,D,0,,,False,Liga AUF Uruguaya|away|3.0_plus,-0.109778,6.000,reliable,10,A,Liga AUF Uruguaya,Other,away,0,ESPN,Rejected,non_positive_ev,,,
2026-08-01,401872730,Deportivo Maldonado vs Juventud,Deportivo Maldonado,1.800,0.512821,0.537932,,0.550222,,,,0,0,,goals=0;market+form=fallback,0.537932,,0,False,0,0.000000,standard,,,0.000000,,unavailable,2,D,0,,,False,Liga AUF Uruguaya|home|1.5_2.0,-0.031723,6.000,reliable,10,A,Liga AUF Uruguaya,Other,home,0,ESPN,Rejected,non_positive_ev,,,
2026-08-01,401872730,Deportivo Maldonado vs Juventud,Juventud,4.000,0.230769,0.205658,,0.449778,,,,0,0,,goals=0;market+form=fallback,0.205658,,0,False,0,0.000000,standard,,,0.000000,,unavailable,2,D,0,,,False,Liga AUF Uruguaya|away|3.0_plus,-0.177368,6.000,reliable,10,A,Liga AUF Uruguaya,Other,away,0,ESPN,Rejected,non_positive_ev,,,
2026-08-01,401872733,Peñarol vs Cerro Largo,Peñarol,1.556,0.584346,0.570902,,0.473111,,,,0,0,,goals=0;market+form=fallback,0.570902,,0,False,0,0.000000,standard,,,0.000000,,unavailable,0,D,0,,,False,Liga AUF Uruguaya|home|1.5_2.0,-0.111677,6.000,insufficient,8,B,Liga AUF Uruguaya,Other,home,0,ESPN,Rejected,insufficient_or_conflicting_evidence,,,
2026-08-01,401872733,Peñarol vs Cerro Largo,Cerro Largo,5.250,0.173189,0.186634,,0.526889,,,,0,0,,goals=0;market+form=fallback,0.186634,,0,False,0,0.000000,standard,,,0.000000,,unavailable,0,D,0,,,False,Liga AUF Uruguaya|away|3.0_plus,-0.020174,6.000,insufficient,8,B,Liga AUF Uruguaya,Other,away,0,ESPN,Rejected,insufficient_or_conflicting_evidence,,,
2026-08-01,401877956,Deportivo Pasto vs Águilas Doradas,Deportivo Pasto,1.870,0.489504,0.428504,,0.378000,,,,0,0,,goals=0;market+form=fallback,0.428504,,0,False,0,0.000000,standard,,,0.000000,,unavailable,2,D,0,,,False,Colombian Primera A|home|1.5_2.0,-0.198698,6.000,reliable,10,A,Colombian Primera A,Other,home,0,ESPN,Rejected,non_positive_ev,,,
2026-08-01,401877956,Deportivo Pasto vs Águilas Doradas,Águilas Doradas,4.000,0.228843,0.289843,,0.622000,,,,0,0,,goals=0;market+form=fallback,0.289843,,0,False,0,0.000000,standard,,,0.000000,,unavailable,2,D,0,,,False,Colombian Primera A|away|3.0_plus,0.159372,10.000,reliable,10,A,Colombian Primera A,Other,away,0,ESPN,Rejected,not_selected,,,
2026-08-01,401877852,Alianza FC vs Deportes Tolima,Alianza FC,2.550,0.357356,0.338356,,0.462000,,,,0,0,,goals=0;market+form=fallback,0.338356,,0,False,0,0.000000,standard,,,0.000000,,unavailable,0,D,0,,,False,Colombian Primera A|home|2.5_3.0,-0.137192,6.000,insufficient,8,B,Colombian Primera A,Other,home,0,ESPN,Rejected,insufficient_or_conflicting_evidence,,,
2026-08-01,401877852,Alianza FC vs Deportes Tolima,Deportes Tolima,2.650,0.343871,0.362871,,0.538000,,,,0,0,,goals=0;market+form=fallback,0.362871,,0,False,0,0.000000,standard,,,0.000000,,unavailable,0,D,0,,,False,Colombian Primera A|away|2.5_3.0,-0.038392,6.000,insufficient,8,B,Colombian Primera A,Other,away,0,ESPN,Rejected,insufficient_or_conflicting_evidence,,,
2026-08-01,401877991,Independiente Medellín vs Deportivo Cali,Independiente Medellín,2.000,0.454897,0.424563,,0.439333,,,,0,0,,goals=0;market+form=fallback,0.424563,,0,False,0,0.000000,standard,,,0.000000,,unavailable,2,D,0,,,False,Colombian Primera A|home|2.0_2.5,-0.150873,6.000,reliable,10,A,Colombian Primera A,Other,home,0,ESPN,Rejected,non_positive_ev,,,
2026-08-01,401877991,Independiente Medellín vs Deportivo Cali,Deportivo Cali,3.550,0.256280,0.286613,,0.560667,,,,0,0,,goals=0;market+form=fallback,0.286613,,0,False,0,0.000000,standard,,,0.000000,,unavailable,2,D,0,,,False,Colombian Primera A|away|3.0_plus,0.017477,6.524,reliable,10,A,Colombian Primera A,Other,away,0,ESPN,Rejected,not_selected,,,
2026-08-01,401878009,Atlético Junior vs Millonarios,Atlético Junior,2.050,0.442118,0.442118,,0.500000,,,,0,0,,goals=0;market+form=fallback,0.442118,,0,False,0,0.000000,standard,,,0.000000,,unavailable,2,D,0,,,False,Colombian Primera A|home|2.0_2.5,-0.093657,6.000,reliable,9,A,Colombian Primera A,Other,home,0,ESPN,Rejected,non_positive_ev,,,
2026-08-01,401878009,Atlético Junior vs Millonarios,Millonarios,3.300,0.274649,0.274649,,0.500000,,,,0,0,,goals=0;market+form=fallback,0.274649,,0,False,0,0.000000,standard,,,0.000000,,unavailable,2,D,0,,,False,Colombian Primera A|away|3.0_plus,-0.093657,6.000,reliable,9,A,Colombian Primera A,Other,away,0,ESPN,Rejected,non_positive_ev,,,
2026-08-01,401885638,FC Cajamarca vs Sport Huancayo,FC Cajamarca,3.050,0.299146,0.296146,,0.494000,,,,0,0,,goals=0;market+form=fallback,0.296146,,0,False,0,0.000000,standard,,,0.000000,,unavailable,0,D,0,,,False,Peru Liga 1|home|3.0_plus,-0.096754,6.000,insufficient,8,B,Peru Liga 1,Other,home,0,ESPN,Rejected,insufficient_or_conflicting_evidence,,,
2026-08-01,401885638,FC Cajamarca vs Sport Huancayo,Sport Huancayo,2.150,0.424370,0.427370,,0.506000,,,,0,0,,goals=0;market+form=fallback,0.427370,,0,False,0,0.000000,standard,,,0.000000,,unavailable,0,D,0,,,False,Peru Liga 1|away|2.0_2.5,-0.081154,6.000,insufficient,8,B,Peru Liga 1,Other,away,0,ESPN,Rejected,insufficient_or_conflicting_evidence,,,
2026-08-01,401885637,Atlético Grau vs Sport Boys,Atlético Grau,2.050,0.439903,0.435569,,0.491333,,,,0,0,,goals=0;market+form=fallback,0.435569,,0,False,0,0.000000,standard,,,0.000000,,unavailable,2,D,0,,,False,Peru Liga 1|home|2.0_2.5,-0.107083,6.000,reliable,9,A,Peru Liga 1,Other,home,0,ESPN,Rejected,non_positive_ev,,,
2026-08-01,401885637,Atlético Grau vs Sport Boys,Sport Boys,3.350,0.269194,0.273527,,0.508667,,,,0,0,,goals=0;market+form=fallback,0.273527,,0,False,0,0.000000,standard,,,0.000000,,unavailable,2,D,0,,,False,Peru Liga 1|away|3.0_plus,-0.083683,6.000,reliable,9,A,Peru Liga 1,Other,away,0,ESPN,Rejected,non_positive_ev,,,
2026-08-01,401888680,Sportivo Ameliano vs 2 de Mayo,Sportivo Ameliano,2.000,0.454897,0.409897,,0.410000,,,,0,0,,goals=0;market+form=fallback,0.409897,,0,False,0,0.000000,standard,,,0.000000,,unavailable,2,D,0,,,False,Paraguayan Primera|home|2.0_2.5,-0.180206,6.000,reliable,10,A,Paraguayan Primera,Other,home,0,ESPN,Rejected,non_positive_ev,,,
2026-08-01,401888680,Sportivo Ameliano vs 2 de Mayo,2 de Mayo,3.550,0.256280,0.301280,,0.590000,,,,0,0,,goals=0;market+form=fallback,0.301280,,0,False,0,0.000000,standard,,,0.000000,,unavailable,2,D,0,,,False,Paraguayan Primera|away|3.0_plus,0.069544,8.086,reliable,10,A,Paraguayan Primera,Other,away,0,ESPN,Rejected,not_selected,,,
2026-08-01,401888630,Cerro Porteño vs Sportivo Luqueño,Cerro Porteño,1.571,0.576161,0.580327,,0.508333,,,,0,0,,goals=0;market+form=fallback,0.580327,,0,False,0,0.000000,standard,,,0.000000,,unavailable,0,D,0,,,False,Paraguayan Primera|home|1.5_2.0,-0.088306,6.000,insufficient,7,B,Paraguayan Primera,Other,home,0,ESPN,Rejected,insufficient_or_conflicting_evidence,,,
2026-08-01,401888630,Cerro Porteño vs Sportivo Luqueño,Sportivo Luqueño,5.250,0.172409,0.168243,,0.491667,,,,0,0,,goals=0;market+form=fallback,0.168243,,0,False,0,0.000000,standard,,,0.000000,,unavailable,0,D,0,,,False,Paraguayan Primera|away|3.0_plus,-0.116727,6.000,insufficient,7,B,Paraguayan Primera,Other,away,0,ESPN,Rejected,insufficient_or_conflicting_evidence,,,
2026-08-01,401859643,Manta F.C. vs Mushuc Runa,Manta F.C.,2.750,0.335563,0.321063,,0.471000,,,,0,0,,goals=0;market+form=fallback,0.321063,,0,False,0,0.000000,standard,,,0.000000,,unavailable,2,D,0,,,False,LigaPro Ecuador|home|2.5_3.0,-0.117078,6.000,reliable,10,A,LigaPro Ecuador,Other,home,0,ESPN,Rejected,non_positive_ev,,,
2026-08-01,401859643,Manta F.C. vs Mushuc Runa,Mushuc Runa,2.550,0.361881,0.376381,,0.529000,,,,0,0,,goals=0;market+form=fallback,0.376381,,0,False,0,0.000000,standard,,,0.000000,,unavailable,2,D,0,,,False,LigaPro Ecuador|away|2.5_3.0,-0.040228,6.000,reliable,10,A,LigaPro Ecuador,Other,away,0,ESPN,Rejected,non_positive_ev,,,
2026-08-01,401859646,Emelec vs Aucas,Emelec,2.150,0.426428,0.418382,,0.483909,,,,0,0,,goals=0;market+form=fallback,0.418382,,0,False,0,0.000000,standard,,,0.000000,,unavailable,2,D,0,,,False,LigaPro Ecuador|home|2.0_2.5,-0.100478,6.000,reliable,10,A,LigaPro Ecuador,Other,home,0,ESPN,Rejected,non_positive_ev,,,
2026-08-01,401859646,Emelec vs Aucas,Aucas,3.300,0.277824,0.285870,,0.516091,,,,0,0,,goals=0;market+form=fallback,0.285870,,0,False,0,0.000000,standard,,,0.000000,,unavailable,2,D,0,,,False,LigaPro Ecuador|away|3.0_plus,-0.056630,6.000,reliable,10,A,LigaPro Ecuador,Other,away,0,ESPN,Rejected,non_positive_ev,,,
2026-08-01,401902709,Monagas SC vs Deportivo La Guaira,Monagas SC,3.250,0.279410,0.286077,,0.513333,,,,0,0,,goals=0;market+form=fallback,0.286077,,0,False,0,0.000000,standard,,,0.000000,,unavailable,0,D,0,,,False,Liga FUTVE|home|3.0_plus,-0.070250,6.000,insufficient,5,C,Liga FUTVE,Other,home,0,ESPN,Rejected,insufficient_or_conflicting_evidence,,,
2026-08-01,401902709,Monagas SC vs Deportivo La Guaira,Deportivo La Guaira,2.200,0.412765,0.406098,,0.486667,,,,0,0,,goals=0;market+form=fallback,0.406098,,0,False,0,0.000000,standard,,,0.000000,,unavailable,0,D,0,,,False,Liga FUTVE|away|2.0_2.5,-0.106584,6.000,insufficient,5,C,Liga FUTVE,Other,away,0,ESPN,Rejected,insufficient_or_conflicting_evidence,,,
2026-08-01,401902710,Trujillanos vs UCV FC,Trujillanos,3.250,0.278167,0.258167,,0.460000,,,,0,0,,goals=0;market+form=fallback,0.258167,,0,False,0,0.000000,standard,,,0.000000,,unavailable,0,D,0,,,False,Liga FUTVE|home|3.0_plus,-0.160957,6.000,insufficient,5,C,Liga FUTVE,Other,home,0,ESPN,Rejected,insufficient_or_conflicting_evidence,,,
2026-08-01,401902710,Trujillanos vs UCV FC,UCV FC,2.150,0.420485,0.440485,,0.540000,,,,0,0,,goals=0;market+form=fallback,0.440485,,0,False,0,0.000000,standard,,,0.000000,,unavailable,0,D,0,,,False,Liga FUTVE|away|2.0_2.5,-0.052957,6.000,insufficient,5,C,Liga FUTVE,Other,away,0,ESPN,Rejected,insufficient_or_conflicting_evidence,,,
2026-08-01,401873326,Real Oruro vs Independiente Petrolero,Real Oruro,1.556,0.591172,0.632293,,0.582242,,,,0,0,,goals=0;market+form=fallback,0.632293,,0,False,0,0.000000,standard,,,0.000000,,unavailable,2,D,0,,,False,Bolivian Liga Profesional|home|1.5_2.0,-0.016152,6.000,reliable,10,A,Bolivian Liga Profesional,Other,home,0,ESPN,Rejected,non_positive_ev,,,
2026-08-01,401873326,Real Oruro vs Independiente Petrolero,Independiente Petrolero,4.500,0.204414,0.163293,,0.417758,,,,0,0,,goals=0;market+form=fallback,0.163293,,0,False,0,0.000000,standard,,,0.000000,,unavailable,2,D,0,,,False,Bolivian Liga Profesional|away|3.0_plus,-0.265182,6.000,reliable,10,A,Bolivian Liga Profesional,Other,away,0,ESPN,Rejected,non_positive_ev,,,
2026-08-01,401873322,San Antonio Bulo Bulo vs Blooming,San Antonio Bulo Bulo,2.300,0.394541,0.365450,,0.441818,,,,0,0,,goals=0;market+form=fallback,0.365450,,0,False,0,0.000000,standard,,,0.000000,,unavailable,2,D,0,,,False,Bolivian Liga Profesional|home|2.0_2.5,-0.159465,6.000,reliable,9,A,Bolivian Liga Profesional,Other,home,0,ESPN,Rejected,non_positive_ev,,,
2026-08-01,401873322,San Antonio Bulo Bulo vs Blooming,Blooming,2.650,0.342432,0.371523,,0.558182,,,,0,0,,goals=0;market+form=fallback,0.371523,,0,False,0,0.000000,standard,,,0.000000,,unavailable,2,D,0,,,False,Bolivian Liga Profesional|away|2.5_3.0,-0.015465,6.000,reliable,9,A,Bolivian Liga Profesional,Other,away,0,ESPN,Rejected,non_positive_ev,,,
2026-08-01,401876876,Puntarenas FC vs Sporting San José,Puntarenas FC,2.250,0.401846,0.388846,,0.474000,,,,0,0,,goals=0;market+form=fallback,0.388846,,0,False,0,0.000000,standard,,,0.000000,,unavailable,2,D,0,,,False,Liga FPD|home|2.0_2.5,-0.125098,6.000,reliable,9,A,Liga FPD,Other,home,0,ESPN,Rejected,non_positive_ev,,,
2026-08-01,401876876,Puntarenas FC vs Sporting San José,Sporting San José,2.950,0.306492,0.319492,,0.526000,,,,0,0,,goals=0;market+form=fallback,0.319492,,0,False,0,0.000000,standard,,,0.000000,,unavailable,2,D,0,,,False,Liga FPD|away|2.5_3.0,-0.057498,6.000,reliable,9,A,Liga FPD,Other,away,0,ESPN,Rejected,non_positive_ev,,,
2026-08-01,401902087,Golden Arrows vs Chippa United,Golden Arrows,1.952,0.472970,0.492970,,0.540000,,,,0,0,,goals=0;market+form=fallback,0.492970,,0,False,0,0.000000,standard,,,0.000000,,unavailable,0,D,0,,,False,South African Premier|home|1.5_2.0,-0.037723,6.000,insufficient,6,C,South African Premier,Other,home,0,ESPN,Rejected,insufficient_or_conflicting_evidence,,,
2026-08-01,401902087,Golden Arrows vs Chippa United,Chippa United,3.800,0.242957,0.222957,,0.460000,,,,0,0,,goals=0;market+form=fallback,0.222957,,0,False,0,0.000000,standard,,,0.000000,,unavailable,0,D,0,,,False,South African Premier|away|3.0_plus,-0.152763,6.000,insufficient,6,C,South African Premier,Other,away,0,ESPN,Rejected,insufficient_or_conflicting_evidence,,,
2026-08-01,401902086,Stellenbosch vs AmaZulu,Stellenbosch,2.050,0.450402,0.430402,,0.460000,,,,0,0,,goals=0;market+form=fallback,0.430402,,0,False,0,0.000000,standard,,,0.000000,,unavailable,0,D,0,,,False,South African Premier|home|2.0_2.5,-0.117676,6.000,insufficient,6,C,South African Premier,Other,home,0,ESPN,Rejected,insufficient_or_conflicting_evidence,,,
2026-08-01,401902086,Stellenbosch vs AmaZulu,AmaZulu,4.200,0.219839,0.239839,,0.540000,,,,0,0,,goals=0;market+form=fallback,0.239839,,0,False,0,0.000000,standard,,,0.000000,,unavailable,0,D,0,,,False,South African Premier|away|3.0_plus,0.007324,6.220,insufficient,6,C,South African Premier,Other,away,0,ESPN,Rejected,insufficient_or_conflicting_evidence,,,
2026-08-01,401902084,Sekhukhune United FC vs Durban City,Sekhukhune United FC,1.909,0.483015,0.496348,,0.526667,,,,0,0,,goals=0;market+form=fallback,0.496348,,0,False,0,0.000000,standard,,,0.000000,,unavailable,0,D,0,,,False,South African Premier|home|1.5_2.0,-0.052472,6.000,insufficient,6,C,South African Premier,Other,home,0,ESPN,Rejected,insufficient_or_conflicting_evidence,,,
2026-08-01,401902084,Sekhukhune United FC vs Durban City,Durban City,4.200,0.219542,0.206208,,0.473333,,,,0,0,,goals=0;market+form=fallback,0.206208,,0,False,0,0.000000,standard,,,0.000000,,unavailable,0,D,0,,,False,South African Premier|away|3.0_plus,-0.133925,6.000,insufficient,6,C,South African Premier,Other,away,0,ESPN,Rejected,insufficient_or_conflicting_evidence,,,
